I1,I2,File Name,Link,Humour,Caption,Comments,Notes,Latest Upload date
1,b,Sang - Scrapbook Combined.mp4,Sang - Scrapbook Combined.mp4,Sang,,,"NEW UPLOAD (replaced ""Sang - Scrapbook"")",
1,c,Cole - Elixir.mp4,Cole - Elixir.mp4,Cole,Bile Elixer available for pre order now!,Sang: ðŸ’•â¤ï¸ðŸ’•âœ¨ðŸ’•â¤ï¸ðŸ’•!,,11/12
1,m,Mel - Conspiracy Rant.mp4,Mel - Conspiracy Rant.mp4,Mel,,,,11/12
2,b,Sang - Getting Ready Sang.mp4,Sang - Getting Ready Sang.mp4,Sang,,,,11/12
2,c,Cole - Erection Supplements.mp4,Cole - Erection Supplements.mp4,Cole,,,,11/12
2,m,Mel - Autumn ASMR.mp4,Mel - Autumn ASMR.mp4,Mel,,,,11/12
2,p,Flem - Circus.mp4,Flem - Circus.mp4,Flem,,,,11/12
3,b,Sang - Faire Leeches movie.mp4,Sang - Faire Leeches movie.mp4,Sang,,,NEW UPLOAD,11/13 AM
3,c,Cole - Hammer Swing.mp4,Cole - Hammer Swing.mp4,Cole,,,,11/12
3,m,Mel - No Dancing.mp4,Mel - No Dancing.mp4,Mel,,,,11/12
3,p,Flem - Faire Vials.mp4,Flem - Faire Vials.mp4,Flem,,,,11/13 AM
4,b,Sang - Joust.mp4,Sang - Joust.mp4,Sang,,,,11/12
4,c,Cole - Death Conspiracy Real.mp4,Cole - Death Conspiracy Real.mp4,Cole,@Mel,"HumoursFan69: Cant believe my two favoite thought leaders are making vidoes together againðŸ˜
ConspiracyL0v3R: Joe Rogan eat your heart out ","""What we idols live on"" --> ""While we ideas live on""; ""the yellow bio"" -> ""the yellow bile""",11/13 AM
4,m,Mel - Intervention.mp4,Mel - Intervention.mp4,Mel,,,,11/12
4,p,Flem - How to Blink.mp4,Flem - How to Blink.mp4,Flem,,,"""to coupling"" -> decoupling",11/12
5,b,Sang - Workout Vlog Argument.mp4,Sang - Workout Vlog Argument.mp4,Sang,,,,11/13 AM
5,c,Cole - Squat.mp4,Cole - Squat.mp4,Cole,,,,11/12
5,m,Mel - Bread.mp4,Mel - Bread.mp4,Mel,,,,11/12
5,p,Flem - Yoga Bali.mp4,Flem - Yoga Bali.mp4,Flem,,,,11/12
6,b,Sang - Baby Blood Blush.mp4,Sang - Baby Blood Blush.mp4,Sang,,,,11/12
6,c,Cole - But what about codpiece.mp4,Cole - But what about codpiece.mp4,Cole,Codpeice for the win!!!!!!,Mel: You are all far too vigurous!,,11/13 AM
6,m,Mel - Tinfoil Skincare.mp4,Mel - Tinfoil Skincare.mp4,Mel,,,,11/12
6,p,Flem - Skincare Ad.mp4,Flem - Skincare Ad.mp4,Flem,,,,11/12
7,b,Sang - Kombucha.mp4,Sang - Kombucha.mp4,Sang,,,,11/12
7,c,Cole - Opal Appearance Update.mp4,Cole - Opal Appearance Update.mp4,Cole,,,,11/12
7,m,Mel - Bile Boys.mp4,Mel - Bile Boys.mp4,Mel,,"BillyBob: Hi I'm BobBilly, that's totally me in the video and I totally consented to everything you see here.",,11/12
7,p,Flem - Diagram.mp4,Flem - Diagram.mp4,Flem,,,,11/12
8,b,Sang - Vampires.mp4,Sang - Vampires.mp4,Sang,,,,11/12
8,c,Cole - Opal Hanky Panky.mp4,Cole - Opal Hanky Panky.mp4,Cole,,,,11/12
8,m,Mel - Joe Rogan.mp4,Mel - Joe Rogan.mp4,Mel,,,,11/12
8,p,Flem - Skincare Story.mp4,Flem - Skincare Story.mp4,Flem,,,,
9,b,Sang - Vampire Boyfriend Rave.mp4,Sang - Vampire Boyfriend Rave.mp4,Sang,,,NEW UPLOAD (replaced Sang - Rave2.mp4),11/13 AM
9,c,Cole - Opal Supplements.mp4,Cole - Opal Supplements.mp4,Cole,,,,11/12
9,m,Mel - Squirt.mp4,Mel - Squirt.mp4,Mel,,,,11/12
9,p,Flem - So Dry.mp4,Flem - So Dry.mp4,Flem,,,,
10,b,Sang - Bloodbounding.mp4,Sang - Bloodbounding.mp4,Sang,,,,11/12
10,c,Cole - Work of art.mp4,Cole - Work of art.mp4,Cole,,,,11/12
10,m,Mel - Sang Excercize.mp4,Mel - Sang Excercize.mp4,Mel,,,,11/12
10,p,Flem - Behind the scene.mp4,Flem - Behind the scene.mp4,Flem,,,,11/12
11,b,Sang - Implants.mp4,Sang - Implants.mp4,Sang,,,,11/12
11,c,Cole - Opal Mel Gift.mp4,Cole - Opal Mel Gift.mp4,Cole,,,,11/12
11,m,Mel - AntiWax.mp4,Mel - AntiWax.mp4,Mel,,,,11/12
11,p,Flem - Flemdiagram Follow-up.mp4,Flem - Flemdiagram Follow-up.mp4,Flem,,,,11/12
12,b,Sang - OnlyFlems Confrontation-.mp4,Sang - OnlyFlems Confrontation-.mp4,Sang,,,,11/12
12,c,Cole - Opal Lifting.mp4,Cole - Opal Lifting.mp4,Cole,,,NEW UPLOAD,11/13 AM
12,m,Mel - Lord Brayn Rumors.mp4,Mel - Lord Brayn Rumors.mp4,Mel,,,,11/12
12,p,Flem - Sang Cant Read.mp4,Flem - Sang Cant Read.mp4,Flem,,,,11/12
13,b,Sang - Doe Eyes.mp4,Sang - Doe Eyes.mp4,Sang,,,,11/12
13,c,Cole - Fast Leeches.mp4,Cole - Fast Leeches.mp4,Cole,,,NEW UPLOAD,11/13 AM
13,m,Mel - Wonder Tour v2.mp4,Mel - Wonder Tour v2.mp4,Mel,,,REVISED VERSION (by Project Lead Request) - replace with v2!,11/13 AM
13,p,Flem - OnlyFlems.mp4,Flem - OnlyFlems.mp4,Flem,,,,11/12
14,b,Sang - Raver Girl Bath Blood.mp4,Sang - Raver Girl Bath Blood.mp4,Sang,,,,11/12
14,c,Cole - Just the Tip.mp4,Cole - Just the Tip.mp4,Cole,,,,11/12
14,m,Mel - Bath Breakdown.mp4,Mel - Bath Breakdown.mp4,Mel,,,NEW UPLOAD,11/13 AM
14,p,Flem - Skincare Routine.mp4,Flem - Skincare Routine.mp4,Flem,,,,11/13 AM
15,b,Sang - All You Need is Blood.mp4,Mel - All You Need is Blood.mp4,Sang,,,,11/12
15,c,Cole - Circus.mp4,Cole - Circus.mp4,Cole,Health is wealth!! #skills,"Mel: You fell for the conspiracy of excerize yet again!
Cole: Dont underestimate my waggle!
Mel: Its all codpeice","<----
Demonstrating comment format
Creators can reply to each other
Create fake fans to make them seem like real influencers",11/12
15,m,Mel - Unboxing ASMR.mp4,Mel - Unboxing ASMR.mp4,Mel,,,,11/12
15,p,Flem - Handkerchief.mp4,Flem - Handkerchief.mp4,Flem,,,,
16,b,Sang Spills the Tea.mp4,Sang Spills the Tea.mp4,Sang,,,,11/13 AM
16,c,Cole - Protein Powder Edit.mp4,Cole - Protein Powder Edit.mp4,Cole,,,,11/12
16,m,Mel - Eating Tinfoil.mp4,Mel - Eating Tinfoil.mp4,Mel,,,,11/12
16,p,Flem - Kombucha Apology.mp4,Flem - Kombucha Apology.mp4,Flem,,,,11/12